{"cameraMode":{"drawMode":0,"name":"Shaded","section":"Shading Mode"},"sceneLighting":true,"audioPlay":false,"sceneViewState":{"showFog":true,"showMaterialUpdate":false,"showSkybox":true,"showFlares":true,"showImageEffects":true,"showParticleSystems":true},"in2DMode":false,"pivot":{"x":10.804235458374024,"y":3.2000269889831545,"z":29.24852180480957},"rotation":{"x":-0.013291949406266213,"y":0.9835497736930847,"z":-0.08132962137460709,"w":-0.1607441008090973},"size":13.933937072753907,"orthographic":false}